{"vorobyev_unif": [[0.57735, 0], [0.683013, 0.183013], [0.49999976687494574, 0.28867499999999996], [0.5000001091150208, 0.5000004072228015], [0.28867500000000007, 0.49999976687494563], [0.1830125927771986, 0.6830131091150208], [3.535249147438622e-17, 0.57735], [-0.18301299999999995, 0.683013], [-0.2886749999999999, 0.49999976687494574], [-0.5000004072228014, 0.5000001091150209], [-0.49999976687494574, 0.28867499999999996], [-0.6830131091150208, 0.18301259277719847], [-0.57735, 7.070498294877244e-17], [-0.683013, -0.18301299999999993], [-0.4999997668749458, -0.28867499999999985], [-0.5000001091150209, -0.5000004072228014], [-0.2886750000000003, -0.4999997668749456], [-0.18301259277719883, -0.6830131091150208], [-1.0605747442315865e-16, -0.57735], [0.18301299999999987, -0.683013], [0.28867500000000007, -0.49999976687494563], [0.5000004072228015, -0.5000001091150207], [0.4999997668749455, -0.2886750000000003], [0.6830131091150207, -0.18301259277719886], [0.57735, 0]], "vorobyev_2224": [[0.8660254037844387, -0.49999999999999994], [0.57735, 0], [0.683013, 0.183013], [0.5, 0.288675], [0.5, 0.288675], [0.5, 0.5], [0.288675, 0.5], [1.3678511740709858e-16, 1.0], [-0.2886749999999999, 0.49999976687494574], [-0.5000004072228014, 0.5000001091150209], [-0.49999988343747276, 0.2886752018922194], [-0.49999988343747276, 0.2886752018922194], [-0.6830127018922192, 0.18301270189221946], [-0.5773502018922193, -1.165625270321359e-07], [-0.8660254037844389, -0.4999999999999997], [-0.2886750000000003, -0.4999997668749456], [-0.18301259277719883, -0.6830131091150208], [-1.1656252743574846e-07, -0.5773502018922194], [-1.1656252743574846e-07, -0.5773502018922194], [0.18301270189221902, -0.6830127018922194], [0.2886752018922191, -0.49999988343747304], [0.8660254037844387, -0.49999999999999994]], "vorobyev_1117": [[0.8660254037844387, -0.49999999999999994], [6.123233995736766e-17, 1.0], [-0.8660254037844387, -0.49999999999999994], [0.8660254037844387, -0.49999999999999994]], "oda_unif": [[0.6188021535170062, 0], [0.5358983848622454, 0.30940107675850304], [0.30940107675850304, 0.5358983848622454], [0.0, 0.6188021535170061], [-0.309401076758503, 0.5358983848622455], [-0.5358983848622453, 0.30940107675850315], [-0.6188021535170061, 1.207928160982888e-16], [-0.5358983848622454, -0.3094010767585029], [-0.30940107675850337, -0.5358983848622454], [-2.9349784152465714e-16, -0.6188021535170062], [0.30940107675850287, -0.5358983848622455], [0.5358983848622453, -0.3094010767585033], [0.6188021535170062, 0]], "oda_2224": [[0.6100423396407311, 0], [0.5115873149700743, 0.2953650740119702], [0.3050211698203655, 0.5283121635129677], [0.0, 0.6698729810778067], [-0.3050211698203654, 0.5283121635129678], [-0.5115873149700741, 0.2953650740119703], [-0.610042339640731, 1.119509350038343e-16], [-0.5801270189221932, -0.3349364905389032], [-0.3050211698203658, -0.5283121635129677], [-2.827015577056332e-16, -0.5907301480239405], [0.3050211698203653, -0.5283121635129678], [0.5801270189221931, -0.3349364905389036], [0.6100423396407311, 0]], "oda_1117": [[0.5932462546749191, 0], [0.46903197449608364, 0.27079573673385554], [0.2966231273374595, 0.5137663272484527], [0.0, 0.8023041137481515], [-0.29662312733745944, 0.5137663272484527], [-0.4690319744960835, 0.27079573673385565], [-0.593246254674919, 8.382135074211279e-17], [-0.6948157440666591, -0.40115205687407557], [-0.2966231273374598, -0.5137663272484526], [-2.915587657952672e-16, -0.5415914734677112], [0.2966231273374593, -0.5137663272484528], [0.6948157440666589, -0.40115205687407607], [0.5932462546749191, 0]]}